st,serotype,study_id,logRR,logRR_lci,logRR_uci,sd_logRR,Comparison
1,4,NCT00688870,0.18532598732189953,0,0.49619167235292583,0.13026867190520502,PCV13 vs PCV7
1,4,NCT00689351,0.10157842794768523,-0.012511702411459111,0.3469888601123587,0.096317314508344,PCV13 vs PCV7
1,4,NCT00366899,0.17036829865216907,0,0.4305850387291382,0.11062291254915546,PCV13 vs PCV7
1,4,NCT00452790,0.03378947204457683,-0.039803937146203804,0.16773871676370558,0.054639878277823496,PCV13 vs PCV7
1,4,NCT00366678,0.05018275069352507,-0.018101153762786155,0.18545130503507645,0.05731456624965628,PCV13 vs PCV7
2,6B,NCT00688870,-0.007731707540469479,-0.16160964773774877,0.1303378257347248,0.07119159062575438,PCV13 vs PCV7
2,6B,NCT00689351,-0.042161681178874755,-0.20894372865059688,0.08652427741428248,0.0731329853069406,PCV13 vs PCV7
2,6B,NCT00366899,0.014141270125815453,-0.06678061580565903,0.1158813078049146,0.04518762137469385,PCV13 vs PCV7
2,6B,NCT00452790,-0.01899141826204076,-0.14500241096552638,0.07713853323311282,0.05426552422534654,PCV13 vs PCV7
2,6B,NCT00366678,0.02362032413396653,-0.05745792439112072,0.13225160999851804,0.047738037917268585,PCV13 vs PCV7
3,9V,NCT00688870,0.05213681962906236,-0.015493888106576944,0.21326420986728623,0.0649943827620132,PCV13 vs PCV7
3,9V,NCT00689351,0.007523350324305067,-0.07539474534703515,0.12597676919402026,0.04732144690450162,PCV13 vs PCV7
3,9V,NCT00366899,0.09951749289558576,0,0.2387056257971117,0.07104276665239996,PCV13 vs PCV7
3,9V,NCT00452790,0.02112118098558513,-0.02111389522241942,0.12201414961867266,0.0389349285100069,PCV13 vs PCV7
3,9V,NCT00366678,0.09633202361480064,0,0.2682588268920814,0.08077728182171434,PCV13 vs PCV7
4,14,NCT00688870,0.1677146116230097,0,0.4098265132060321,0.10099897434215711,PCV13 vs PCV7
4,14,NCT00689351,0.133082961119094,0,0.34683735075472005,0.08573437445345765,PCV13 vs PCV7
4,14,NCT00366899,0.06367704453767731,0,0.17979424475633637,0.047739048069766046,PCV13 vs PCV7
4,14,NCT00452790,0.01208147323782649,-0.08880520419266467,0.12388374571942945,0.05231271133734304,PCV13 vs PCV7
4,14,NCT00366678,0.05474837270381361,-0.019861557612113657,0.17955122358625694,0.0512106255602227,PCV13 vs PCV7
5,18C,NCT00688870,0.09113028574594306,-0.002715450631470202,0.2836869986591742,0.08233870657177864,PCV13 vs PCV7
5,18C,NCT00689351,0.022063521921743323,-0.0738006868994181,0.1601629845886821,0.05897995248259261,PCV13 vs PCV7
5,18C,NCT00366899,0.14050545047077367,0,0.30683892555370174,0.09113140923703053,PCV13 vs PCV7
5,18C,NCT00452790,0.02941478226531613,-0.013466382831772195,0.13356551022114954,0.041937888399531165,PCV13 vs PCV7
5,18C,NCT00366678,0.0537127240923585,0,0.167155366141613,0.050866967947193316,PCV13 vs PCV7
6,19F,NCT00688870,-0.026000659642709145,-0.17074630823998158,0.08227246518717092,0.0629349651846022,PCV13 vs PCV7
6,19F,NCT00689351,-0.13643792269229005,-0.33070523881124414,0,0.08740630650129654,PCV13 vs PCV7
6,19F,NCT00366899,-0.038576139926919994,-0.14644990207244554,0.03205579047719723,0.04603517948655842,PCV13 vs PCV7
6,19F,NCT00452790,-0.14504999413316,-0.32475161618392606,0,0.08457844194834335,PCV13 vs PCV7
6,19F,NCT00366678,-0.07668084643337414,-0.219945361887311,0,0.06418834060052427,PCV13 vs PCV7
7,23F,NCT00688870,0.16359870880162664,0,0.4779433460369027,0.12072650126067876,PCV13 vs PCV7
7,23F,NCT00689351,-0.020073200483289977,-0.22219712588446544,0.13843030463864353,0.09188415387347028,PCV13 vs PCV7
7,23F,NCT00366899,0.14005902310434282,0,0.3473964198895002,0.09281345935090948,PCV13 vs PCV7
7,23F,NCT00452790,0.08668345521610643,0,0.26075163711967786,0.07141598944222402,PCV13 vs PCV7
7,23F,NCT00366678,0.07301813298050375,0,0.23374033185054877,0.06798084448890673,PCV13 vs PCV7
8,1,NCT00688870,-0.8229175534369748,-2.4354355723315484,0,0.6445888923065068,PCV13 vs PCV7
8,1,NCT00689351,-0.9102717058951852,-2.4917511249633026,0,0.6523258406246673,PCV13 vs PCV7
8,1,NCT00366899,-0.6916046403356297,-2.261860430126945,0,0.6200989642874805,PCV13 vs PCV7
8,1,NCT00452790,-0.6330448201431755,-2.166486338357002,0,0.5992865139792898,PCV13 vs PCV7
8,1,NCT00366678,-0.5346335411669911,-2.241434692363094,0,0.6210349546857791,PCV13 vs PCV7
9,3,NCT00688870,-0.24236871120699055,-1.2203790432239825,0,0.4012333590102919,PCV13 vs PCV7
9,3,NCT00689351,-0.3490652034644288,-1.4566152339974558,0,0.4578844183265612,PCV13 vs PCV7
9,3,NCT00366899,-0.2183488293110729,-1.332559097218665,0,0.41991254643225384,PCV13 vs PCV7
9,3,NCT00452790,-0.0902237764466669,-1.1089571530513977,0,0.3525773540057211,PCV13 vs PCV7
9,3,NCT00366678,-0.12727981722446868,-1.1283172935372847,0,0.3634104532534074,PCV13 vs PCV7
10,5,NCT00688870,-0.5262730858389917,-1.3800952728911722,0,0.3803315832582664,PCV13 vs PCV7
10,5,NCT00689351,-0.7110136588979881,-1.7316449446025974,0,0.4451615924661783,PCV13 vs PCV7
10,5,NCT00366899,-0.5270001951471341,-1.5241021291313634,0,0.44304269747499814,PCV13 vs PCV7
10,5,NCT00452790,-0.5067805185014791,-1.4015821702042628,0,0.4150046142318416,PCV13 vs PCV7
10,5,NCT00366678,-0.5076384242087748,-1.531664941273666,0,0.4510145182109655,PCV13 vs PCV7
11,6A,NCT00688870,-0.45302024378053707,-0.8456482807000962,-0.11508944441583811,0.1758029555536943,PCV13 vs PCV7
11,6A,NCT00689351,-0.569009494840125,-1.0411832832227863,-0.1683954131537684,0.21089654476445768,PCV13 vs PCV7
11,6A,NCT00366899,-0.5446660150812961,-0.9341017780577914,0,0.22032607126798154,PCV13 vs PCV7
11,6A,NCT00452790,-0.5502583306713258,-0.9458570494037097,-0.007314799630852388,0.20673282066933113,PCV13 vs PCV7
11,6A,NCT00366678,-0.4874779595376011,-0.8502917367049465,0,0.2070138956811805,PCV13 vs PCV7
12,7F,NCT00688870,-0.9077177664352352,-3.028528609951484,0,0.8330115075300843,PCV13 vs PCV7
12,7F,NCT00689351,-1.2025685973528977,-3.4020028132636804,0,0.8718972511379256,PCV13 vs PCV7
12,7F,NCT00366899,-0.7654102935346931,-2.8822606972526543,0,0.8224541399196093,PCV13 vs PCV7
12,7F,NCT00452790,-0.817250553376367,-2.835428473790303,0,0.8046343710177395,PCV13 vs PCV7
12,7F,NCT00366678,-0.7776143787742025,-2.583275082646627,0,0.7415528656239586,PCV13 vs PCV7
13,19A,NCT00688870,-0.4787492066019654,-0.8372596480428449,0,0.20452554491403366,PCV13 vs PCV7
13,19A,NCT00689351,-0.5019683270001112,-0.8702116047012829,-0.05200748014576397,0.1946177725172611,PCV13 vs PCV7
13,19A,NCT00366899,-0.3276195456814228,-0.6181105489475579,-0.027893189000298583,0.1333800988009168,PCV13 vs PCV7
13,19A,NCT00452790,-0.5404656268431944,-0.995386277151961,-0.19740242273982833,0.1951223547398427,PCV13 vs PCV7
13,19A,NCT00366678,-0.33186126838314145,-0.6262662750236988,-0.014522832945312302,0.13505178286261635,PCV13 vs PCV7
2,6B,NCT03896477,-0.09095265828455323,-0.23994830752568708,0,0.05900714611996232,PCV13 vs PCV10
3,9V,NCT03896477,-0.02846800252191084,-0.13048885107528102,0.015205600653345768,0.03923034692707364,PCV13 vs PCV10
4,14,NCT03896477,-0.041029499162683614,-0.17223949547673076,0.05577399500596129,0.05646468919947114,PCV13 vs PCV10
6,19F,NCT03896477,-0.11958215149169771,-0.2762027023627737,0,0.06578253760376855,PCV13 vs PCV10
7,23F,NCT03896477,0,-0.11195989808671826,0.10046766880593626,0.051671747153027844,PCV13 vs PCV10
8,1,NCT03896477,0.14711408775518242,0,0.387080436508194,0.10391380801937965,PCV13 vs PCV10
10,5,NCT03896477,-0.08565284622579616,-0.2657683363716142,0,0.08221255097151665,PCV13 vs PCV10
11,6A,NCT03896477,-0.05340463752640057,-0.16933333392800473,0.02592813897949801,0.05041691997368014,PCV13 vs PCV10
12,7F,NCT03896477,0.020458694615456796,-0.04443318626947874,0.1259364849464028,0.04221594904856939,PCV13 vs PCV10
13,19A,NCT03896477,-0.13433413912515224,-0.34596867990226904,-0.03421030529394887,0.08080345778577193,PCV13 vs PCV10
1,4,CTRI/2022/11/047366,0.028957916299118036,-0.0344661608626625,0.17691087207546163,0.0589504194430704,PCV14 vs PCV13
2,6B,CTRI/2022/11/047366,0.06568425449917781,-0.041660928624379756,0.24087547261756714,0.07360431169441484,PCV14 vs PCV13
3,9V,CTRI/2022/11/047366,0.004667430513652704,-0.06346730701562633,0.13692060913057166,0.049025037686088326,PCV14 vs PCV13
4,14,CTRI/2022/11/047366,0.021644972359716075,-0.07126803313800888,0.1311305611830315,0.050262581004431456,PCV14 vs PCV13
5,18C,CTRI/2022/11/047366,-0.014182431023539,-0.17048511745263595,0.03755976332094987,0.05505852865788885,PCV14 vs PCV13
6,19F,CTRI/2022/11/047366,-0.03852172808246168,-0.16795850766651027,0.055387513707418234,0.05513405773081891,PCV14 vs PCV13
7,23F,CTRI/2022/11/047366,0.020081739962041656,-0.06738556811396054,0.17866765882798355,0.06190742512035153,PCV14 vs PCV13
8,1,CTRI/2022/11/047366,0.07057580270870867,0,0.22957974193619052,0.06802348957951426,PCV14 vs PCV13
9,3,CTRI/2022/11/047366,-0.020947784937640268,-0.17157563999830122,0,0.05597680563329753,PCV14 vs PCV13
10,5,CTRI/2022/11/047366,0.029721509709903948,-0.016164005943744165,0.2127916524747272,0.06680284685220733,PCV14 vs PCV13
12,7F,CTRI/2022/11/047366,0.0077101630537423915,-0.0776952556710528,0.14716839510189558,0.05522259151460813,PCV14 vs PCV13
13,19A,CTRI/2022/11/047366,0.017729845498529295,-0.08540475479366588,0.14733808551566052,0.05669688153061729,PCV14 vs PCV13
1,4,NCT01215188,0.024078739368684765,0,0.13773322778763833,0.043164142301959384,PCV15 vs PCV13
1,4,NCT02037984,0,-0.1564692063518191,0.1983529944507141,0.0833476276420191,PCV15 vs PCV13
1,4,NCT02531373,-0.020255300010246557,-0.2493712357572636,0.00945037179006217,0.07824214843129543,PCV15 vs PCV13
1,4,NCT03620162,0.0035431718535572365,-0.024766985132638038,0.13704673996665578,0.045998394718769785,PCV15 vs PCV13
1,4,NCT03692871,0,-0.14513595809501276,0.18509584321729747,0.07869491203941198,PCV15 vs PCV13
1,4,NCT03885934,0.17007087694629464,0,0.48081196127525855,0.13975451554538976,PCV15 vs PCV13
1,4,NCT03893448,0.06141391884251579,0,0.1939633808125415,0.06310439762877221,PCV15 vs PCV13
1,4,NCT04016714,0.0933979712952886,0,0.26851183668909173,0.08373346741475396,PCV15 vs PCV13
1,4,NCT04384107,0.018561634169838026,-0.032269312804169004,0.1212015812067201,0.04092099083167691,PCV15 vs PCV13
1,4,NCT02987972_lot1,0.01935483210336031,-0.00827394983760259,0.12513273870858022,0.04019906828939444,PCV15 vs PCV13
1,4,NCT02987972_lot2,0.04670055910741944,0,0.18098959769530407,0.05614235857594005,PCV15 vs PCV13
2,6B,NCT01215188,0.013592052468603733,-0.047314221820105494,0.09890928946054954,0.03617836717530477,PCV15 vs PCV13
2,6B,NCT02037984,0.17177738973584322,-8.286232854379187e-6,0.48424298543336425,0.13040364925687217,PCV15 vs PCV13
2,6B,NCT02531373,0,-0.26234548916149364,0.1812357675746209,0.10078106871345663,PCV15 vs PCV13
2,6B,NCT03620162,0.01494935229254013,-0.061834487045347025,0.11565131441759625,0.043750703232155484,PCV15 vs PCV13
2,6B,NCT03692871,0,-0.2050748928412594,0.23463260285480905,0.10650289841316891,PCV15 vs PCV13
2,6B,NCT03885934,0.09449185291642248,-0.0034081806628791108,0.3010570193747161,0.08892136167154835,PCV15 vs PCV13
2,6B,NCT03893448,0.11420766946607408,0,0.24001564395658093,0.06041865797058545,PCV15 vs PCV13
2,6B,NCT04016714,0.03929800837304187,-6.695825125419995e-5,0.11934397151869401,0.03444551302594188,PCV15 vs PCV13
2,6B,NCT04384107,0.1206005914224133,0,0.27628060230785806,0.06638687078863623,PCV15 vs PCV13
2,6B,NCT02987972_lot1,-0.022364684742715468,-0.10153860997834567,0.030627973410835594,0.03402660109493602,PCV15 vs PCV13
2,6B,NCT02987972_lot2,0.06977920296415885,0,0.17696095783552565,0.04570308730683673,PCV15 vs PCV13
3,9V,NCT01215188,0.021393929382269583,0,0.10774668241653794,0.034470289484476155,PCV15 vs PCV13
3,9V,NCT02037984,0,-0.09939302337153388,0.15373341330707335,0.05770690962243995,PCV15 vs PCV13
3,9V,NCT02531373,0,-0.14287854965681976,0.05938024080657926,0.04801711312901142,PCV15 vs PCV13
3,9V,NCT03620162,0,-0.042978411214040974,0.05450999015171601,0.022185493516325778,PCV15 vs PCV13
3,9V,NCT03692871,0,-0.10991530615738339,0.1075859149289675,0.04783115063413294,PCV15 vs PCV13
3,9V,NCT03885934,0.03346986591310719,0,0.20597718300425433,0.0647745477308767,PCV15 vs PCV13
3,9V,NCT03893448,0.0515179188864856,0,0.1533199582419306,0.05289090538003927,PCV15 vs PCV13
3,9V,NCT04016714,0.0528242606547602,0,0.17079115526149838,0.0585079899626448,PCV15 vs PCV13
3,9V,NCT04384107,0.03215144618615229,0,0.1277225678676431,0.039203650081642866,PCV15 vs PCV13
3,9V,NCT02987972_lot1,0.059344555715050706,0,0.1903431126952116,0.06250474637145702,PCV15 vs PCV13
3,9V,NCT02987972_lot2,0.04079420883981122,0,0.14168997314484152,0.04608165114398623,PCV15 vs PCV13
4,14,NCT01215188,0.09479342860500939,0,0.23844987792887234,0.059068963454536876,PCV15 vs PCV13
4,14,NCT02037984,-0.05975573802860312,-0.3247681332211844,0.14576779357442124,0.12016339910653266,PCV15 vs PCV13
4,14,NCT02531373,0.04792739902982435,-0.1161531418255034,0.292177637528659,0.10159539523952056,PCV15 vs PCV13
4,14,NCT03620162,0.06184831992582884,-0.02522574021261454,0.20236977555153915,0.059378840417775663,PCV15 vs PCV13
4,14,NCT03692871,0.11113603671798589,-0.06855279438758718,0.395227962928959,0.11849504301821083,PCV15 vs PCV13
4,14,NCT03885934,0.13323086945316032,-8.709679308367139e-5,0.3613948143346212,0.09652040108754648,PCV15 vs PCV13
4,14,NCT03893448,0.09110823894353204,0,0.1964197165392934,0.048455105187095324,PCV15 vs PCV13
4,14,NCT04016714,0.10442982536700862,0,0.22656432575951269,0.05537595446621876,PCV15 vs PCV13
4,14,NCT04384107,0.07331782878885873,0,0.20181855683933542,0.053890621795440005,PCV15 vs PCV13
4,14,NCT02987972_lot1,0.05492843761754962,-0.009409607030002775,0.16163542643191298,0.04602529426624672,PCV15 vs PCV13
4,14,NCT02987972_lot2,0.07184391816518731,0,0.18564954067081066,0.04906129415338172,PCV15 vs PCV13
5,18C,NCT01215188,0.11113156752076891,0,0.27430370646395136,0.09125628812419871,PCV15 vs PCV13
5,18C,NCT02037984,0.04432537642711365,-0.0029663335076364644,0.26310591147102513,0.0812610773318877,PCV15 vs PCV13
5,18C,NCT02531373,0,0,0.30991789940113135,0.09942559478605113,PCV15 vs PCV13
5,18C,NCT03620162,0,-0.0784007804471138,0.05222635101464258,0.029835743326318793,PCV15 vs PCV13
5,18C,NCT03692871,0,-0.2249953449514997,0.09679295590664294,0.07717942291175023,PCV15 vs PCV13
5,18C,NCT03885934,0,-0.10688756511087207,0.11974278952227163,0.05148582969212999,PCV15 vs PCV13
5,18C,NCT03893448,0.038081118461577024,0,0.11636986867233774,0.036354043819082436,PCV15 vs PCV13
5,18C,NCT04016714,0.033042309333762176,0,0.11044678061350854,0.03547816449585544,PCV15 vs PCV13
5,18C,NCT04384107,0,-0.0700224945820213,0.06398517293772202,0.03093075511227771,PCV15 vs PCV13
5,18C,NCT02987972_lot1,0.0011267607223257592,-0.02559960976239408,0.07611595484728553,0.025596631740305402,PCV15 vs PCV13
5,18C,NCT02987972_lot2,-0.00446073496834698,-0.08153357623744688,0.020586761960003586,0.026221253965998264,PCV15 vs PCV13
6,19F,NCT01215188,-0.05787493676201305,-0.1415061639119603,0,0.040097998743813035,PCV15 vs PCV13
6,19F,NCT02037984,-0.041590901651106904,-0.20353735779782087,0.061236395186927306,0.06775457197291615,PCV15 vs PCV13
6,19F,NCT02531373,0.021734786282143537,-0.02652888580650773,0.15505224331519588,0.050311615730418036,PCV15 vs PCV13
6,19F,NCT03620162,0.03822578127615306,-0.004132427044195963,0.12159298397931464,0.03614640919650108,PCV15 vs PCV13
6,19F,NCT03692871,0.007299465544587047,-0.09836074396876611,0.15771408463021527,0.06118062306497087,PCV15 vs PCV13
6,19F,NCT03885934,0.08342939638689706,0,0.21441249219558633,0.06342871968424142,PCV15 vs PCV13
6,19F,NCT03893448,0.06468475898302106,0,0.1276365268326816,0.03845935828156242,PCV15 vs PCV13
6,19F,NCT04016714,0.06811037602534231,0,0.13763613564383026,0.03967070210438277,PCV15 vs PCV13
6,19F,NCT04384107,0.0490718368121994,0,0.12976820103267686,0.036101497882448014,PCV15 vs PCV13
6,19F,NCT02987972_lot1,0.005281207897119611,-0.033918667003266366,0.05893971506692815,0.022245845953484708,PCV15 vs PCV13
6,19F,NCT02987972_lot2,0.026610431398129464,-0.0060005861903446025,0.08775070205152075,0.026273367988498292,PCV15 vs PCV13
7,23F,NCT01215188,0.14230963972824773,0,0.3431206454492974,0.10349624036254414,PCV15 vs PCV13
7,23F,NCT02037984,0.2005008144269964,0,0.5384489034727037,0.1564499399829347,PCV15 vs PCV13
7,23F,NCT02531373,0,-0.13359905400130137,0.22704157808580758,0.08154414664146493,PCV15 vs PCV13
7,23F,NCT03620162,0.08814065736396826,0,0.26889951402356815,0.08067621210312322,PCV15 vs PCV13
7,23F,NCT03692871,0.054561383248962425,-0.060167566350650875,0.32225532295967135,0.10275393476762437,PCV15 vs PCV13
7,23F,NCT03885934,0,-0.13208492346100284,0.17861144341813923,0.07394890103596423,PCV15 vs PCV13
7,23F,NCT03893448,0.1611552615704941,0,0.34513967073260426,0.1057341728727279,PCV15 vs PCV13
7,23F,NCT04016714,0.020819694340144856,0,0.10003188946067719,0.03139899491783177,PCV15 vs PCV13
7,23F,NCT04384107,0.19553367368014918,0,0.46424380021751394,0.11853414984489971,PCV15 vs PCV13
7,23F,NCT02987972_lot1,0.09290932983747124,0,0.2368754607138159,0.07034232995146805,PCV15 vs PCV13
7,23F,NCT02987972_lot2,0.01754006161282451,-0.02666586363386372,0.1079373306640698,0.03410059553922648,PCV15 vs PCV13
8,1,NCT01215188,0.023530036231181217,0,0.12074487337901751,0.03712610302786716,PCV15 vs PCV13
8,1,NCT02037984,0.04161898852067436,-0.016476691621592102,0.3135878446154215,0.09762655681288564,PCV15 vs PCV13
8,1,NCT02531373,0,-0.029002657475369092,0.20984436966255593,0.0653300986150673,PCV15 vs PCV13
8,1,NCT03620162,0.06442216948141066,0,0.2337608925125459,0.07525858293108474,PCV15 vs PCV13
8,1,NCT03692871,0.005135621646016109,-0.0402524639960148,0.23942307282499228,0.07599691559532994,PCV15 vs PCV13
8,1,NCT03885934,0.11123209878921525,0,0.3271288371193941,0.10167979226529943,PCV15 vs PCV13
8,1,NCT03893448,0.09014826623440841,0,0.2643359964832846,0.08765201749856005,PCV15 vs PCV13
8,1,NCT04016714,0.12405848561500665,0,0.3508360923233297,0.11575223327419176,PCV15 vs PCV13
8,1,NCT04384107,0.2139823009832149,0,0.49196068479090654,0.14109185096916907,PCV15 vs PCV13
8,1,NCT02987972_lot1,0.0848785371773162,0,0.24820580854115606,0.07854115237015283,PCV15 vs PCV13
8,1,NCT02987972_lot2,0.0508920977609173,0,0.16548424461851716,0.05106395427117168,PCV15 vs PCV13
9,3,NCT01215188,-0.11112546953883973,-0.3949508486694793,0,0.12797433165656044,PCV15 vs PCV13
9,3,NCT02037984,-0.06420184571035037,-0.41295306867653925,0,0.13161459832137337,PCV15 vs PCV13
9,3,NCT02531373,-0.04327518072703507,-0.37633950326456855,0,0.12333031722506393,PCV15 vs PCV13
9,3,NCT03620162,-0.011609760254803536,-0.15854245800121827,0,0.051488449576734846,PCV15 vs PCV13
9,3,NCT03692871,-0.007715337810470402,-0.26648645389366504,0.015873828790615465,0.08355731708231935,PCV15 vs PCV13
9,3,NCT03885934,-0.11880516351239923,-0.36095190170846536,0,0.10762489036781352,PCV15 vs PCV13
9,3,NCT04016714,-0.016688967949357814,-0.18023680024958394,0,0.060540995028261255,PCV15 vs PCV13
9,3,NCT04384107,-0.14368741644411953,-0.3909651467196482,0,0.12001794826583799,PCV15 vs PCV13
9,3,NCT02987972_lot1,-0.06689892591541868,-0.2580192053325092,0,0.08322538275241481,PCV15 vs PCV13
9,3,NCT02987972_lot2,-0.0718429540733263,-0.2777207809007178,0,0.08792392965797695,PCV15 vs PCV13
10,5,NCT01215188,0.06530806173684978,0,0.233821638820424,0.07403491731569117,PCV15 vs PCV13
10,5,NCT02037984,0.2050423915579711,0,0.6499209188442187,0.19032049129153575,PCV15 vs PCV13
10,5,NCT02531373,0,-0.14064783627199617,0.21478715754386712,0.08204054365513946,PCV15 vs PCV13
10,5,NCT03620162,0.060511058839655796,0,0.23011417185065383,0.07125624501416632,PCV15 vs PCV13
10,5,NCT03692871,0,-0.16103768894057574,0.25359419457580845,0.1038236243382258,PCV15 vs PCV13
10,5,NCT03885934,0.0431481094812618,-0.03977286607544836,0.23906722660353924,0.08092923178268449,PCV15 vs PCV13
10,5,NCT03893448,0.1453002574891471,0,0.38042773050537726,0.11488281173436615,PCV15 vs PCV13
10,5,NCT04016714,0.13997671741321005,0,0.38691380230116224,0.11958905575902615,PCV15 vs PCV13
10,5,NCT04384107,0.14324931829418386,0,0.3711119040228577,0.10684755589032185,PCV15 vs PCV13
10,5,NCT02987972_lot1,0.10250593042972111,0,0.2805194166914035,0.08482671905308427,PCV15 vs PCV13
10,5,NCT02987972_lot2,0.12344486627467344,0,0.3445502198685598,0.09915653070041643,PCV15 vs PCV13
11,6A,NCT01215188,0.15852924878730423,0,0.3011917678391031,0.0765279723704167,PCV15 vs PCV13
11,6A,NCT02037984,0.11860061287222523,-0.00807522584682638,0.33703787627447707,0.09209242356362714,PCV15 vs PCV13
11,6A,NCT02531373,0.12407482061747954,0,0.38357754375270375,0.11887565727858997,PCV15 vs PCV13
11,6A,NCT03620162,0.10583827552821612,0,0.22969441772333557,0.059925357493950955,PCV15 vs PCV13
11,6A,NCT03692871,0.11481493314674429,0,0.32055672303143823,0.08899915503448744,PCV15 vs PCV13
11,6A,NCT03885934,0.16264329809801703,0,0.3697706115728177,0.10703219176110845,PCV15 vs PCV13
11,6A,NCT03893448,0.15208697484791456,0,0.2738048438860757,0.07146624440171007,PCV15 vs PCV13
11,6A,NCT04016714,0.14691375477358726,0,0.26320024426044014,0.07303892854302538,PCV15 vs PCV13
11,6A,NCT04384107,0.13374933457861715,0,0.26824238558530855,0.062043149411926825,PCV15 vs PCV13
11,6A,NCT02987972_lot1,0.09744576318168319,0,0.20349813036058978,0.050940154509246376,PCV15 vs PCV13
11,6A,NCT02987972_lot2,0.12217918508050007,0,0.23950432628410265,0.05927817281085087,PCV15 vs PCV13
12,7F,NCT01215188,0.13178239054125918,0,0.35029859679834374,0.09225378527013389,PCV15 vs PCV13
12,7F,NCT02037984,0.06692127472354947,-0.08861172717579407,0.3221182104848721,0.1086676281326747,PCV15 vs PCV13
12,7F,NCT02531373,0.08323889435556353,-0.027630216998099907,0.39420954392081464,0.1181396487298426,PCV15 vs PCV13
12,7F,NCT03620162,0.16169493533507007,0,0.42995723714300493,0.11377108235406633,PCV15 vs PCV13
12,7F,NCT03692871,0.08370660877528069,-0.07938010469300734,0.4002363921814919,0.12896227876500987,PCV15 vs PCV13
12,7F,NCT03885934,0.08763868637089756,-0.020522606693883082,0.32288389248823474,0.09592827353077708,PCV15 vs PCV13
12,7F,NCT03893448,0.1438143525183304,0,0.3613610081750928,0.0962421680458459,PCV15 vs PCV13
12,7F,NCT04016714,0.11826388779706365,0,0.3112917283702832,0.08539405313407258,PCV15 vs PCV13
12,7F,NCT04384107,0.09009661391919455,0,0.27047189953059847,0.07259107603594343,PCV15 vs PCV13
12,7F,NCT02987972_lot1,0.1667458353277258,0,0.4247491586009204,0.10878846991581459,PCV15 vs PCV13
12,7F,NCT02987972_lot2,0.14555316730723522,0,0.36835006257795905,0.09429485285923753,PCV15 vs PCV13
13,19A,NCT01215188,0.1551517284324817,0,0.3098056207758301,0.10135250463672799,PCV15 vs PCV13
13,19A,NCT02037984,0.053022262935441766,0,0.21068169871087222,0.06578889683490838,PCV15 vs PCV13
13,19A,NCT02531373,0,-0.047333035130003163,0.11137850603159782,0.035145673222208754,PCV15 vs PCV13
13,19A,NCT03620162,0.05222566435760556,0,0.14772127520267034,0.04484037311136366,PCV15 vs PCV13
13,19A,NCT03692871,0.04614877943746021,-0.043628621024701456,0.23425392003566675,0.07456672104962829,PCV15 vs PCV13
13,19A,NCT03885934,0.046699944578979746,0,0.1537310649680056,0.04568677556324352,PCV15 vs PCV13
13,19A,NCT03893448,0.06979889684042617,0,0.14602424095295508,0.04696249394733227,PCV15 vs PCV13
13,19A,NCT04016714,0.07396205123484134,0,0.15312140047867012,0.04690307153181747,PCV15 vs PCV13
13,19A,NCT04384107,0.05085539999947164,0,0.13284059699627182,0.03790198612054876,PCV15 vs PCV13
13,19A,NCT02987972_lot1,0.02581597487258902,-0.0010167076510690706,0.08704521305928845,0.026280334496720344,PCV15 vs PCV13
13,19A,NCT02987972_lot2,0.04807305528255945,0,0.12365894498889972,0.036580419261797045,PCV15 vs PCV13
1,4,NCT03512288,0.12027582494045852,0,0.3459340891819491,0.09248972331192934,PCV20 vs PCV13
1,4,NCT04382326,0.10252100859790803,0,0.26399378381030314,0.06842551246765358,PCV20 vs PCV13
1,4,NCT04530838,0.1618582297189386,0,0.42607427284199734,0.10935480605157465,PCV20 vs PCV13
1,4,NCT04546425,0.11138050966894442,0,0.27555708427459896,0.07243578808457983,PCV20 vs PCV13
2,6B,NCT03512288,0.17552895083153297,0,0.40644621323109537,0.09774520230311855,PCV20 vs PCV13
2,6B,NCT04382326,0.14084722369074987,0,0.2873716507776958,0.07592879069750913,PCV20 vs PCV13
2,6B,NCT04530838,0.15875726133646006,0,0.3522227284838467,0.08057504498559565,PCV20 vs PCV13
2,6B,NCT04546425,0.20102683629571771,0,0.4214800157107811,0.11746545278817438,PCV20 vs PCV13
3,9V,NCT03512288,0.12600427867435027,0,0.3078143811154629,0.08449787774715775,PCV20 vs PCV13
3,9V,NCT04382326,0.07616900921615821,0,0.17585375961223854,0.05186783866472843,PCV20 vs PCV13
3,9V,NCT04530838,0.13733370657461474,0,0.32049669957578747,0.08835907690065212,PCV20 vs PCV13
3,9V,NCT04546425,0.11203988258613284,0,0.2518087769452812,0.07204508331053126,PCV20 vs PCV13
4,14,NCT03512288,0.1060272618336433,0,0.28740947590339083,0.07513674194914095,PCV20 vs PCV13
4,14,NCT04382326,0.04573379922181431,0,0.12384288884095632,0.03295927784518448,PCV20 vs PCV13
4,14,NCT04530838,0.09624671650650685,0,0.23481854599559387,0.05866217680576583,PCV20 vs PCV13
4,14,NCT04546425,0.0905919896279963,0,0.2178231906002552,0.055012957018851026,PCV20 vs PCV13
5,18C,NCT03512288,0.15667585623309233,0,0.3606868587718126,0.09787258474513696,PCV20 vs PCV13
5,18C,NCT04382326,0.10808622867180206,0,0.2395216388141101,0.06858770996423355,PCV20 vs PCV13
5,18C,NCT04530838,0.1489577422495021,0,0.3380810480803977,0.09413242603559933,PCV20 vs PCV13
5,18C,NCT04546425,0.09550438968687835,0,0.21458764874512293,0.06544328970033224,PCV20 vs PCV13
6,19F,NCT03512288,0.06455997038796846,-0.014868382506920214,0.19230231318568064,0.05544257701550034,PCV20 vs PCV13
6,19F,NCT04382326,0.050541905620508976,0,0.12124884727360899,0.033879192432708885,PCV20 vs PCV13
6,19F,NCT04530838,0.09048516518516747,0,0.21534147565078104,0.05219480525669688,PCV20 vs PCV13
6,19F,NCT04546425,0.09971934969460983,0,0.21189399386233193,0.05365617377659607,PCV20 vs PCV13
7,23F,NCT03512288,0.22133823847526246,0.03573501246305362,0.5871743807799925,0.14434382845812146,PCV20 vs PCV13
7,23F,NCT04382326,0.20219761242676837,0,0.45344192036354397,0.11198339236549136,PCV20 vs PCV13
7,23F,NCT04530838,0.24035648252827713,0.08260948452254309,0.6325640134736589,0.15879798693821898,PCV20 vs PCV13
7,23F,NCT04546425,0.1988660702776861,0,0.4380142914865947,0.11828226323796905,PCV20 vs PCV13
8,1,NCT03512288,0.10522152555908759,0,0.2903611597204313,0.08412724211603824,PCV20 vs PCV13
8,1,NCT04382326,0.1018183847398415,0,0.2655360716758451,0.0860315065538658,PCV20 vs PCV13
8,1,NCT04530838,0.1824833044352192,0,0.43500858635834083,0.12238979782604671,PCV20 vs PCV13
8,1,NCT04546425,0.11896197962934174,0,0.29734261602584516,0.0934027394175924,PCV20 vs PCV13
9,3,NCT03512288,0.06475882127100618,0,0.2596484479263668,0.08108290234058653,PCV20 vs PCV13
9,3,NCT04382326,0.05431860025544344,0,0.30797195110167486,0.10369920552446543,PCV20 vs PCV13
9,3,NCT04530838,0.1156169583248352,0,0.33760962598605804,0.10724193959264632,PCV20 vs PCV13
9,3,NCT04546425,0.1004898576093387,0,0.3313505464308231,0.10628721710312489,PCV20 vs PCV13
10,5,NCT03512288,0.14574093385970066,0,0.40986526423814423,0.10904759716300996,PCV20 vs PCV13
10,5,NCT04382326,0.10229562589347108,0,0.2701680643203255,0.0814426439544775,PCV20 vs PCV13
10,5,NCT04530838,0.17525357534579555,0,0.4475141008521681,0.12422686101505095,PCV20 vs PCV13
10,5,NCT04546425,0.10937396571721658,0,0.29783753304139765,0.08936348125403716,PCV20 vs PCV13
11,6A,NCT03512288,0.12811788053388096,0.035550522860492956,0.2869677559507435,0.06509854739813868,PCV20 vs PCV13
11,6A,NCT04382326,0.10921640369414609,0.0365976836931097,0.22413182048102182,0.0472225495969298,PCV20 vs PCV13
11,6A,NCT04530838,0.1538416764532169,0.053647214872807304,0.3198631443309171,0.06846019468572112,PCV20 vs PCV13
11,6A,NCT04546425,0.1748770445759078,0.05579554377664331,0.35172831289618744,0.07366432661694636,PCV20 vs PCV13
12,7F,NCT03512288,0.18446113348146742,0,0.48299859203274204,0.11763634333132947,PCV20 vs PCV13
12,7F,NCT04382326,0.1185625644585766,0,0.30141345655289487,0.07728057768540374,PCV20 vs PCV13
12,7F,NCT04530838,0.17049075229869848,0,0.46177103063919084,0.11148975198852634,PCV20 vs PCV13
12,7F,NCT04546425,0.13122410117222527,0,0.3322775454688254,0.08407944746218084,PCV20 vs PCV13
13,19A,NCT03512288,0.07640327407369263,-0.0016724769264649597,0.22450637095214948,0.062303834312030425,PCV20 vs PCV13
13,19A,NCT04382326,0.04816884530265808,0,0.11978878606228967,0.036106054447932495,PCV20 vs PCV13
13,19A,NCT04530838,0.06630048454853399,0,0.1837108689710419,0.04805721259129726,PCV20 vs PCV13
13,19A,NCT04546425,0.06877093011547508,0,0.16342890334496257,0.045607319812058685,PCV20 vs PCV13
